{"education": {"Prof-school": {"precision": 0.8863636363636364, "recall": 0.975, "fbeta": 0.9285714285714285, "sample": 105}, "HS-grad": {"precision": 0.8854166666666666, "recall": 0.25835866261398177, "fbeta": 0.4, "sample": 2015}, "Bachelors": {"precision": 0.7672955974842768, "recall": 0.8280542986425339, "fbeta": 0.7965179542981502, "sample": 1010}, "Some-college": {"precision": 0.7580645161290323, "recall": 0.3418181818181818, "fbeta": 0.47117794486215536, "sample": 1327}, "7th-8th": {"precision": 1.0, "recall": 0.25, "fbeta": 0.4, "sample": 107}, "Masters": {"precision": 0.8461538461538461, "recall": 0.88, "fbeta": 0.8627450980392156, "sample": 338}, "11th": {"precision": 1.0, "recall": 0.36363636363636365, "fbeta": 0.5333333333333333, "sample": 206}, "Assoc-acdm": {"precision": 0.6666666666666666, "recall": 0.46511627906976744, "fbeta": 0.547945205479452, "sample": 170}, "Assoc-voc": {"precision": 0.75, "recall": 0.375, "fbeta": 0.5, "sample": 237}, "5th-6th": {"precision": 1.0, "recall": 1.0, "fbeta": 1.0, "sample": 71}, "10th": {"precision": 1.0, "recall": 0.2, "fbeta": 0.33333333333333337, "sample": 169}, "12th": {"precision": 1.0, "recall": 0.16666666666666666, "fbeta": 0.2857142857142857, "sample": 80}, "Doctorate": {"precision": 0.8064516129032258, "recall": 0.9090909090909091, "fbeta": 0.8547008547008547, "sample": 72}, "1st-4th": {"precision": 1.0, "recall": 0.0, "fbeta": 0.0, "sample": 32}, "9th": {"precision": 1.0, "recall": 0.3333333333333333, "fbeta": 0.5, "sample": 85}, "Preschool": {"precision": 1.0, "recall": 1.0, "fbeta": 1.0, "sample": 9}}}