{"education": {"Prof-school": {"precision": 0.8764044943820225, "recall": 0.975, "fbeta": 0.9230769230769231, "sample": 105}, "HS-grad": {"precision": 0.8877551020408163, "recall": 0.26443768996960487, "fbeta": 0.40749414519906324, "sample": 2015}, "Bachelors": {"precision": 0.7689075630252101, "recall": 0.8280542986425339, "fbeta": 0.7973856209150326, "sample": 1010}, "Some-college": {"precision": 0.7723577235772358, "recall": 0.34545454545454546, "fbeta": 0.47738693467336685, "sample": 1327}, "7th-8th": {"precision": 1.0, "recall": 0.25, "fbeta": 0.4, "sample": 107}, "Masters": {"precision": 0.8461538461538461, "recall": 0.88, "fbeta": 0.8627450980392156, "sample": 338}, "11th": {"precision": 1.0, "recall": 0.36363636363636365, "fbeta": 0.5333333333333333, "sample": 206}, "Assoc-acdm": {"precision": 0.6785714285714286, "recall": 0.4418604651162791, "fbeta": 0.5352112676056338, "sample": 170}, "Assoc-voc": {"precision": 0.7666666666666667, "recall": 0.359375, "fbeta": 0.4893617021276596, "sample": 237}, "5th-6th": {"precision": 1.0, "recall": 1.0, "fbeta": 1.0, "sample": 71}, "10th": {"precision": 1.0, "recall": 0.2, "fbeta": 0.33333333333333337, "sample": 169}, "12th": {"precision": 1.0, "recall": 0.16666666666666666, "fbeta": 0.2857142857142857, "sample": 80}, "Doctorate": {"precision": 0.8064516129032258, "recall": 0.9090909090909091, "fbeta": 0.8547008547008547, "sample": 72}, "1st-4th": {"precision": 1.0, "recall": 0.0, "fbeta": 0.0, "sample": 32}, "9th": {"precision": 1.0, "recall": 0.3333333333333333, "fbeta": 0.5, "sample": 85}, "Preschool": {"precision": 1.0, "recall": 1.0, "fbeta": 1.0, "sample": 9}}}