{"education": {"11th": {"precision": 1.0, "recall": 0.0, "fbeta": 0.0, "sample": 205}, "HS-grad": {"precision": 0.8888888888888888, "recall": 0.272108843537415, "fbeta": 0.4166666666666667, "sample": 1980}, "10th": {"precision": 1.0, "recall": 0.21428571428571427, "fbeta": 0.35294117647058826, "sample": 172}, "Assoc-voc": {"precision": 0.7857142857142857, "recall": 0.3188405797101449, "fbeta": 0.45360824742268036, "sample": 264}, "Some-college": {"precision": 0.7372262773722628, "recall": 0.3423728813559322, "fbeta": 0.46759259259259256, "sample": 1350}, "Assoc-acdm": {"precision": 0.8125, "recall": 0.5777777777777777, "fbeta": 0.6753246753246752, "sample": 189}, "Bachelors": {"precision": 0.76171875, "recall": 0.851528384279476, "fbeta": 0.8041237113402062, "sample": 1006}, "Doctorate": {"precision": 0.7391304347826086, "recall": 0.9444444444444444, "fbeta": 0.8292682926829269, "sample": 82}, "Masters": {"precision": 0.7980769230769231, "recall": 0.8601036269430051, "fbeta": 0.8279301745635911, "sample": 345}, "9th": {"precision": 1.0, "recall": 0.0, "fbeta": 0.0, "sample": 78}, "5th-6th": {"precision": 1.0, "recall": 0.5, "fbeta": 0.6666666666666666, "sample": 58}, "12th": {"precision": 1.0, "recall": 0.16666666666666666, "fbeta": 0.2857142857142857, "sample": 74}, "7th-8th": {"precision": 1.0, "recall": 0.0, "fbeta": 0.0, "sample": 107}, "Prof-school": {"precision": 0.8311688311688312, "recall": 0.9014084507042254, "fbeta": 0.864864864864865, "sample": 92}, "Preschool": {"precision": 1.0, "recall": 1.0, "fbeta": 1.0, "sample": 8}, "1st-4th": {"precision": 1.0, "recall": 1.0, "fbeta": 1.0, "sample": 23}}}