{"education": {"Some-college": {"precision": 0.7379310344827587, "recall": 0.42971887550200805, "fbeta": 0.5431472081218275, "sample": 1355}, "Bachelors": {"precision": 0.7211740041928721, "recall": 0.8452088452088452, "fbeta": 0.7782805429864253, "sample": 996}, "10th": {"precision": 1.0, "recall": 0.3333333333333333, "fbeta": 0.5, "sample": 148}, "11th": {"precision": 1.0, "recall": 0.21428571428571427, "fbeta": 0.35294117647058826, "sample": 207}, "HS-grad": {"precision": 0.9120879120879121, "recall": 0.24924924924924924, "fbeta": 0.3915094339622642, "sample": 1996}, "Assoc-acdm": {"precision": 0.5833333333333334, "recall": 0.4117647058823529, "fbeta": 0.4827586206896552, "sample": 210}, "Assoc-voc": {"precision": 0.8529411764705882, "recall": 0.47540983606557374, "fbeta": 0.6105263157894736, "sample": 244}, "Masters": {"precision": 0.7663043478260869, "recall": 0.844311377245509, "fbeta": 0.8034188034188035, "sample": 317}, "Preschool": {"precision": 1.0, "recall": 1.0, "fbeta": 1.0, "sample": 11}, "12th": {"precision": 1.0, "recall": 0.4, "fbeta": 0.5714285714285715, "sample": 87}, "9th": {"precision": 1.0, "recall": 0.0, "fbeta": 0.0, "sample": 103}, "5th-6th": {"precision": 1.0, "recall": 1.0, "fbeta": 1.0, "sample": 50}, "Doctorate": {"precision": 0.8382352941176471, "recall": 0.9193548387096774, "fbeta": 0.8769230769230769, "sample": 79}, "7th-8th": {"precision": 1.0, "recall": 0.0, "fbeta": 0.0, "sample": 99}, "Prof-school": {"precision": 0.788235294117647, "recall": 0.9852941176470589, "fbeta": 0.8758169934640523, "sample": 104}, "1st-4th": {"precision": 1.0, "recall": 1.0, "fbeta": 1.0, "sample": 27}}}